contestId, solvedCount
1154,820
1154,927
1154,1938
1154,4188
1154,4441
1154,6433
1154,9102
1153,223
1153,795
1153,1913
1153,3615
1153,5430
1153,6348
1151,272
1151,875
1151,3306
1151,2100
1151,3027
1151,5546
1146,35
1146,70
1146,137
1146,167
1146,383
1146,1169
1146,2384
1146,2964
1145,39
1145,227
1145,117
1145,644
1145,390
1145,623
1145,3698
1144,625
1144,2913
1144,1931
1144,4547
1144,6768
1144,7817
1144,8891
1143,3822
1143,4948
1143,7218
1142,60
1142,133
1142,442
1142,980
1142,1938
1141,946
1141,1838
1141,1874
1141,3303
1141,4388
1141,5579
1141,9640
1141,10180
1140,102
1140,225
1140,954
1140,5955
1140,4066
1140,6119
1140,7561
1139,132
1139,570
1139,647
1139,4350
1139,7220
1139,8464
1138,2011
1138,5908
1137,103
1137,192
1137,500
1137,470
1137,2231
1137,2578
1136,578
1136,2150
1136,4567
1136,7086
1136,8832
1133,1078
1133,2840
1133,1664
1133,4034
1133,5830
1133,5666
1133,7821
1132,286
1132,2048
1132,505
1132,817
1132,2818
1132,6380
1132,5797
1131,180
1131,3001
1131,698
1131,1654
1131,6173
1131,5388
1131,7664
1130,4100
1130,5077
1130,6864
1129,123
1129,215
1129,430
1129,1225
1129,2473
1129,2568
1121,1215
1121,4043
1121,4742
1120,45
1120,27
1120,261
1120,872
1120,166
1120,879
1119,75
1119,110
1119,104
1119,2362
1119,2726
1119,4118
1119,5021
1119,6201
1118,151
1118,2212
1118,1935
1118,2559
1118,2616
1118,3005
1118,6149
1118,9668
1117,181
1117,188
1117,743
1117,1551
1117,2363
1117,6587
1117,6723
1116,56
1116,114
1116,135
1116,161
1116,185
1116,218
1116,140
1116,144
1116,208
1116,31
1116,90
1116,122
1116,211
1115,133
1115,149
1115,167
1115,144
1115,200
1115,239
1114,715
1114,1536
1114,2680
1114,4370
1114,5327
1114,10650
1113,4773
1113,7195
1111,265
1111,463
1111,3431
1111,3760
1111,8980
1110,79
1110,181
1110,762
1110,2000
1110,1771
1110,4877
1110,6070
1110,8624
1109,64
1109,190
1109,586
1109,122
1109,2443
1109,3849
1108,1050
1108,1044
1108,2367
1108,6256
1108,6357
1108,9429
1108,11581
1107,461
1107,257
1107,755
1107,2248
1107,5502
1107,6983
1107,7317
1106,405
1106,1230
1106,5099
1106,8176
1106,4576
1106,8817
1105,831
1105,2227
1105,4545
1105,6306
1105,6928
1104,6821
1104,9087
1103,50
1103,146
1103,344
1103,1908
1103,5823
1102,771
1102,2475
1102,3893
1102,6452
1102,5060
1102,10097
1101,494
1101,499
1101,4840
1101,1702
1101,4165
1101,6142
1101,8734
1100,388
1100,1169
1100,501
1100,5830
1100,6007
1100,6971
1099,422
1099,5120
1099,6325
1099,7748
1098,27
1098,56
1098,241
1098,442
1098,831
1098,3910
1097,38
1097,162
1097,590
1097,188
1097,1482
1097,5333
1097,7928
1097,11629
1096,498
1096,727
1096,252
1096,2831
1096,4033
1096,5566
1096,9251
1095,1813
1095,1715
1095,3717
1095,5416
1095,8711
1095,10666
1093,813
1093,336
1093,580
1093,3158
1093,5654
1093,7155
1093,8518
1092,1545
1092,595
1092,1167
1092,1483
1092,2919
1092,9668
1092,8632
1091,139
1091,90
1091,498
1091,722
1091,3910
1091,6102
1091,7636
1091,10822
1090,2830
1090,634
1090,499
1090,127
1090,493
1090,33
1090,34
1090,110
1090,285
1090,946
1090,223
1090,734
1090,2012
1089,306
1089,1820
1089,480
1089,59
1089,99
1089,49
1089,1523
1089,982
1089,1188
1089,43
1089,197
1089,78
1089,610
1088,192
1088,808
1088,1498
1088,4758
1088,7126
1088,8691
1086,26
1085,156
1085,353
1085,571
1085,3205
1085,3748
1085,5768
1085,7589
1084,3606
1084,4510
1084,5331
1083,53
1083,551
1083,44
1083,233
1083,955
1083,2337
1082,566
1082,166
1082,1539
1082,2001
1082,3235
1082,4144
1082,5317
1081,27
1081,58
1081,238
1081,1373
1081,1689
1081,3044
1081,3004
1081,6267
1080,281
1080,364
1080,968
1080,2877
1080,6574
1080,8482
1078,39
1077,855
1077,1304
1077,2083
1077,3153
1077,6017
1077,8201
1077,10768
1076,104
1076,324
1076,1680
1076,2113
1076,5695
1076,6059
1076,6418
1075,2958
1075,4638
1073,205
1073,227
1073,944
1073,3674
1073,2535
1073,6803
1073,7941
1071,33
1070,33
1070,108
1070,2970
1070,405
1070,283
1070,2454
1070,581
1070,2327
1070,795
1070,3033
1070,1265
1070,349
1070,1234
1068,1864
1068,4953
1068,4098
1067,126
1067,71
1067,341
1067,1237
1067,1312
1066,820
1066,2650
1066,2546
1066,4403
1066,3842
1066,7389
1065,83
1065,455
1065,524
1065,774
1065,4035
1065,5799
1065,8858
1064,5343
1064,8779
1063,144
1063,120
1063,239
1063,1721
1063,3032
1063,5943
1062,117
1062,740
1062,2168
1062,3293
1062,3850
1062,4861
1061,290
1061,207
1061,1289
1061,2781
1061,4365
1061,8647
1060,53
1060,27
1060,150
1060,1452
1060,2310
1060,3000
1060,5430
1060,7036
1059,652
1059,1495
1059,4163
1059,4913
1059,7374
1057,310
1057,1066
1057,1872
1056,46
1056,104
1056,288
1056,901
1056,2368
1056,1529
1056,2462
1056,4115
1055,26
1055,162
1055,371
1055,453
1055,1214
1055,2969
1055,4203
1054,34
1054,57
1054,159
1054,318
1054,1400
1054,3068
1054,4444
1054,5555
1053,54
1051,80
1051,889
1051,328
1051,3191
1051,4826
1051,7029
1051,5762
1047,8676
1047,9459
1046,155
1046,1477
1046,1614
1045,65
1045,1526
1045,206
1045,605
1045,45
1045,37
1045,294
1045,354
1045,286
1045,126
1044,183
1044,39
1044,438
1044,733
1044,986
1044,1888
1043,36
1043,788
1043,1801
1043,2813
1043,4081
1043,4659
1043,7054
1042,650
1042,689
1042,2376
1042,2829
1042,5393
1042,6395
1041,774
1041,1911
1041,3383
1041,4741
1041,7649
1041,10368
1040,4675
1040,6382
1039,65
1039,338
1039,747
1039,1335
1039,511
1038,141
1038,608
1038,3890
1038,5850
1038,7215
1038,8385
1037,157
1037,126
1037,568
1037,1630
1037,4657
1037,6728
1037,6445
1037,6781
1036,175
1036,673
1036,813
1036,4319
1036,2809
1036,3977
1036,6866
1034,84
1034,70
1034,284
1034,1259
1034,3749
1033,49
1033,176
1033,234
1033,1302
1033,2834
1033,4482
1033,4673
1032,182
1032,347
1032,864
1032,1714
1032,1886
1032,3854
1032,5074
1031,128
1031,244
1031,1565
1031,3395
1031,2922
1031,7665
1030,178
1030,453
1030,1666
1030,3705
1030,6050
1030,7314
1030,15593
1029,1310
1029,1147
1029,1878
1029,3691
1029,7011
1029,6395
1028,251
1028,223
1028,308
1028,781
1028,1225
1028,3014
1028,5268
1028,6841
1027,131
1027,573
1027,909
1027,3447
1027,4282
1027,5944
1027,8459
1025,113
1025,304
1025,331
1025,1857
1025,4015
1025,4370
1025,7497
1023,27
1023,413
1023,1248
1023,2760
1023,5816
1023,6521
1023,5609
1020,7708
1020,6687
1019,93
1019,289
1019,481
1019,1135
1019,3104
1017,34
1017,168
1017,516
1017,538
1017,2226
1017,4068
1017,6557
1017,9769
1016,113
1016,355
1016,575
1016,2722
1016,2313
1016,5725
1016,8264
1015,389
1015,1526
1015,2245
1015,3469
1015,7254
1015,5992
1015,9850
1013,4600
1013,6601
1012,45
1012,92
1012,138
1012,1527
1012,2023
1012,4120
1011,5951
1011,7357
1010,44
1010,184
1010,1403
1010,2710
1010,2931
1010,5098
1009,279
1009,879
1009,1561
1009,3476
1009,3438
1009,5231
1009,7926
1008,6964
1008,7900
1007,32
1007,54
1007,158
1007,608
1007,6575
1006,1491
1006,3672
1006,3188
1006,6994
1006,6628
1006,10744
1005,617
1005,509
1005,1781
1005,4071
1005,5076
1005,8011
1005,9942
1004,164
1004,502
1004,839
1004,4812
1004,5606
1004,7106
1003,491
1003,1172
1003,3470
1003,5192
1003,5380
1003,10345
1002,149
1002,246
1002,248
1002,283
1002,299
1002,190
1002,216
1002,229
1002,313
1002,337
1002,362
1002,190
1002,351
1002,408
1002,466
1001,285
1001,365
1001,381
1001,379
1001,396
1001,493
1001,466
1001,504
1001,693
1000,149
1000,808
1000,1027
1000,1780
1000,3045
1000,3142
1000,5657
999,975
999,2271
999,1757
999,6459
999,7835
999,9680
998,5690
998,5962
997,105
997,172
997,571
997,1931
997,5001
996,4771
996,10936
995,283
995,267
995,461
995,1011
995,4598
995,998
994,3691
994,7586
993,23
993,556
993,371
993,962
993,1409
993,2611
992,511
992,1050
992,3146
992,3522
992,7224
991,173
991,1915
991,3927
991,4611
991,6665
991,6932
990,595
990,474
990,1218
990,2299
990,3839
990,5444
990,7029
989,132
989,332
989,2443
989,4842
989,6754
988,974
988,1678
988,2892
988,4687
988,7640
988,10073
987,5475
987,7119
987,8743
986,131
986,289
986,156
986,1075
986,2795
986,3375
985,148
985,671
985,1523
985,1337
985,3898
985,5305
985,6040
984,5360
984,8645
983,325
983,106
983,585
983,2797
983,3351
982,109
982,295
982,1396
982,4174
982,4861
982,6001
981,91
981,348
981,329
981,987
981,1775
981,3070
981,4318
981,5184
980,66
980,973
980,1141
980,2765
980,3438
980,7214
979,206
979,852
979,3205
979,2851
979,7538
978,1962
978,3304
978,4022
978,3467
978,6736
978,9756
978,8766
977,4011
977,4871
977,6033
977,8476
977,10110
977,17532
976,234
976,1273
976,390
976,3895
976,4162
976,6690
975,217
975,1299
975,4145
975,4777
975,5787
967,3430
967,3113
965,574
965,1621
965,1415
965,3172
965,5442
964,3314
964,5857
963,81
963,499
963,344
963,1498
963,2136
962,54
962,366
962,695
962,3509
962,4702
962,5198
962,7590
961,284
961,210
961,1740
961,2046
961,3506
961,5652
961,6554
960,73
960,319
960,1256
960,705
960,1123
960,2492
960,3928
960,5313
959,490
959,1879
959,1694
959,3326
959,5128
959,10502
958,184
958,707
958,1044
958,93
958,355
958,920
958,51
958,1192
958,182
958,627
958,1471
958,338
958,1628
958,25
958,582
958,1197
957,3924
955,87
955,40
955,187
955,1253
955,3139
955,4554
954,248
954,193
954,867
954,498
954,1050
954,2661
954,2344
954,3916
954,6020
952,148
952,153
952,397
952,1603
952,2091
952,1316
952,6629
950,5290
950,7830
949,23
949,266
949,538
949,1177
949,2541
949,3575
948,5751
946,230
946,246
946,602
946,2142
946,5332
946,6381
946,8227
940,446
940,1428
940,2423
940,3538
940,4559
940,5267
939,275
939,1702
939,3309
939,3235
939,6556
939,8038
938,135
938,189
938,571
938,1870
938,2195
938,5989
938,7221
937,4486
937,8152
936,82
936,101
936,710
936,1882
936,3227
935,178
935,552
935,1589
935,3356
935,7298
935,11281
934,5820
934,4418
933,56
933,122
933,338
933,1358
933,2617
932,156
932,438
932,932
932,932
932,2960
932,4788
932,6558
931,2433
931,4854
931,6636
930,124
930,233
930,1164
930,1719
930,3800
929,129
929,1007
929,1943
929,2312
928,699
928,816
928,1774
928,2383
927,1
926,95
926,505
926,128
926,955
926,73
926,371
926,676
926,1260
926,996
926,2044
925,38
925,125
925,325
925,845
925,1576
925,2394
924,24
924,326
924,604
924,2468
924,3711
924,3945
923,27
923,95
923,783
923,2672
923,4574
923,3717
922,348
922,971
922,2617
922,4293
922,5522
922,6395
921,0
921,0
921,0
921,0
921,0
921,0
921,0
921,0
921,0
921,0
921,0
921,0
921,0
921,0
920,796
920,1936
920,1800
920,346
920,4345
920,4591
920,5570
919,147
919,967
919,3334
919,5918
919,9926
919,9526
918,7474
918,9319
917,38
917,242
917,159
917,2131
917,2447
916,450
916,241
916,3010
916,1078
916,6417
915,449
915,691
915,993
915,1517
915,3780
915,5719
915,8733
914,41
914,324
914,313
914,541
914,2188
914,2195
914,5800
914,8206
913,48
913,88
913,245
913,516
913,2911
913,4487
913,7507
913,10990
912,697
912,1179
912,394
912,5501
912,8465
911,530
911,532
911,1343
911,2505
911,4429
911,5957
911,7173
910,922
910,981
910,2584
909,286
909,921
909,1073
909,2469
909,4474
909,6043
908,143
908,368
908,881
908,486
908,1264
908,4971
908,6296
908,10101
907,3334
907,4239
906,97
906,435
906,689
906,781
906,3221
903,175
903,310
903,727
903,1972
903,6050
903,5331
903,8211
902,5207
902,6253
901,26
901,191
901,633
901,1042
901,3688
900,588
900,1235
900,2573
900,4913
900,7557
899,865
899,1126
899,1641
899,4538
899,4064
899,6243
898,547
898,2694
898,2296
898,3416
898,5610
898,8146
897,5197
897,8084
896,256
896,152
896,469
896,1240
896,2558
895,430
895,647
895,1546
895,2275
895,4713
894,785
894,745
894,2703
894,2839
894,10532
893,569
893,1217
893,1583
893,5839
893,5730
893,6285
892,5167
892,7677
891,184
891,57
891,784
891,1820
891,4533
889,101
888,638
888,210
888,1874
888,2340
888,3363
888,5342
888,6188
887,67
887,76
887,335
887,2212
887,3915
887,7096
886,157
886,454
886,1275
886,4010
886,5356
886,6507
884,350
884,282
884,1009
884,2726
884,4699
884,6279
883,1826
883,136
883,619
883,340
883,781
883,893
883,772
883,1363
883,1094
883,156
883,401
883,192
883,370
879,6111
879,6863
878,78
878,222
878,491
878,716
878,3536
877,498
877,1904
877,1882
877,3799
877,4630
877,7352
876,5265
876,6552
875,513
875,331
875,1124
875,1218
875,3758
875,6708
873,357
873,188
873,1225
873,1867
873,3181
873,4578
871,43
870,211
870,588
870,805
870,5187
870,5056
870,6572
869,820
869,94
869,2678
869,7359
869,6996
868,32
868,554
868,155
868,651
868,2434
868,2738
868,5078
867,7563
865,45
865,24
865,36
865,1243
865,422
865,1304
865,3289
864,382
864,2122
864,4060
864,4403
864,6105
864,7687
863,23
863,412
863,1030
863,1467
863,1372
863,2729
863,5610
862,80
862,740
862,1007
862,2543
862,5479
862,6737
860,206
859,70
859,78
859,937
859,606
859,2706
859,3893
859,4591
858,529
858,377
858,2248
858,3531
858,2597
858,4846
856,24
856,29
856,173
856,192
856,267
856,718
855,44
855,103
855,641
855,323
855,1016
855,3617
855,6685
854,5997
854,8278
853,29
853,377
853,995
853,1925
853,4410
852,273
852,46
852,810
852,360
852,475
852,385
852,205
852,553
852,202
851,3787
851,6226
850,99
850,146
850,160
850,716
850,1266
850,2409
849,2572
849,6313
848,35
848,89
848,443
848,1230
848,3690
847,3521
847,215
847,1011
847,356
847,1111
847,1733
847,3559
847,605
847,1026
847,567
847,1553
847,2079
847,2351
846,830
846,332
846,1015
846,1192
846,1408
846,2474
845,458
845,141
845,234
845,1380
845,3498
845,3010
845,4842
844,3847
844,5839
843,68
843,153
843,197
843,1367
843,3789
842,110
842,1494
842,2156
842,6809
842,6085
841,7131
841,8464
840,127
840,537
840,589
840,1319
840,5560
839,408
839,1575
839,5910
839,2558
839,9397
838,23
838,162
838,100
838,37
838,222
838,522
837,220
837,325
837,827
837,1475
837,2533
837,2523
837,5604
835,305
835,529
835,1983
835,4302
835,7390
835,10463
834,5550
834,6272
833,68
833,139
833,251
833,1453
833,3911
832,152
832,1807
832,300
832,3378
832,10318
831,2648
831,7979
831,6759
830,77
830,280
830,688
830,1871
830,2855
828,4302
828,5233
827,80
827,362
827,440
827,1029
827,2331
827,2756
825,339
825,454
825,1163
825,1793
825,2820
825,2557
825,4642
822,161
822,329
822,2074
822,2993
822,6476
822,11898
821,920
821,734
821,3750
821,4372
821,6104
820,4010
820,6082
819,177
819,101
819,133
819,1155
819,193
818,162
818,498
818,940
818,1897
818,723
818,1887
818,3948
817,575
817,841
817,1401
817,2821
817,2840
817,3557
816,5031
816,6444
815,119
815,266
815,1042
815,1010
815,4200
814,351
814,1386
814,3490
814,4363
814,7193
813,248
813,787
813,407
813,2326
813,2008
813,3260
812,633
812,228
812,5201
812,3172
812,5098
811,398
811,968
811,2199
811,4864
811,7696
810,4684
810,6221
809,214
809,262
809,409
809,951
809,3616
808,439
808,368
808,803
808,2415
808,3119
808,3523
808,5077
807,3078
807,6597
805,8151
805,9297
804,43
804,172
804,657
804,1206
804,5953
804,9477
803,360
803,828
803,872
803,1274
803,1944
803,3372
803,2501
802,72
802,216
802,1380
802,93
802,347
802,1013
802,262
802,231
802,1874
802,73
802,162
802,298
802,180
802,592
802,784
801,5805
801,5373
799,45
799,103
799,535
799,1354
799,2390
799,3914
799,5745
798,159
798,1161
798,3294
798,5298
798,10047
797,308
797,1294
797,826
797,2344
797,4073
797,4499
796,76
796,322
796,1751
796,2007
796,5965
796,8373
794,80
794,360
794,269
794,520
794,2183
794,3860
794,4575
793,82
793,121
793,139
793,961
793,877
793,2479
793,4189
792,55
792,503
792,1644
792,1865
792,3773
792,5251
791,21383
789,3551
789,6586
788,144
788,131
788,1245
788,1506
788,5282
787,4473
787,6558
786,148
786,48
786,885
786,1169
786,1495
785,805
785,1418
785,4736
785,7338
785,15646
784,574
784,667
784,1268
784,245
784,419
784,526
784,2256
780,59
780,280
780,603
780,1395
780,2137
780,4758
780,4073
780,8112
779,7018
779,6850
779,6783
778,147
778,249
778,539
778,1619
778,5256
777,1912
777,3035
777,3851
777,5535
777,6651
776,175
776,203
776,1274
776,2129
776,3370
776,6689
776,7172
775,0
774,151
774,935
774,218
774,63
774,132
774,43
774,50
774,119
774,1324
774,2024
774,151
774,238
773,45
773,114
773,304
773,683
773,931
773,2962
772,42
772,268
772,769
772,2246
772,3088
771,41
771,153
771,662
771,1701
771,5094
771,5841
770,1405
770,1513
770,1885
770,4726
769,1479
769,982
769,2635
769,3551
768,119
768,625
768,1533
768,1383
768,2593
768,3535
768,9072
767,557
767,1399
767,2138
767,1723
767,6648
766,1240
766,1782
766,3042
766,10274
766,10211
765,25
765,402
765,920
765,1966
765,4940
765,5063
765,5803
764,7723
764,9796
763,226
763,196
763,490
763,1821
763,5134
762,69
762,505
762,662
762,1347
762,3824
762,6235
761,234
761,1275
761,2741
761,3887
761,5347
761,9418
760,3117
760,5565
758,408
758,265
758,1991
758,2881
758,6915
758,15708
757,96
757,388
757,615
757,902
757,1854
757,5324
757,7980
756,39
756,67
756,548
756,837
756,2029
756,2400
755,211
755,561
755,539
755,1949
755,4757
755,5060
755,7477
754,255
754,1548
754,727
754,5646
754,5572
753,166
753,827
753,2988
750,49
750,120
750,271
750,638
750,2554
750,4775
750,7228
750,16795
749,450
749,1741
749,4285
749,5996
749,13621
748,360
748,1102
748,1191
748,3668
748,4021
748,6141
747,259
747,1395
747,1796
747,3196
747,5133
747,6012
746,775
746,401
746,1237
746,3390
746,2764
746,8759
746,9920
745,3024
745,6755
744,52
744,62
744,586
744,1250
744,4316
743,898
743,2495
743,5631
743,7113
743,7266
742,5709
742,11993
741,76
741,568
741,1173
741,3281
741,4244
740,5377
740,6232
739,506
739,63
739,676
739,2468
739,4425
737,31
737,33
736,109
736,231
735,466
735,5898
735,4707
735,5819
735,7918
734,743
734,1620
734,3009
734,3737
734,13055
734,23426
733,647
733,484
733,3165
733,2531
733,8203
733,10824
732,729
732,1287
732,3615
732,6441
732,11596
732,16446
731,1883
731,842
731,818
731,3971
731,5840
731,12320
730,36
730,45
730,1444
730,825
730,2144
730,1640
730,42
730,518
730,489
730,744
730,1504
730,1180
729,530
729,1451
729,2405
729,2689
729,4205
729,5065
727,349
727,359
727,1137
727,2296
727,1455
727,4686
725,56
725,208
725,464
725,1938
725,2133
725,4162
725,5180
724,410
724,146
724,546
724,1725
724,1601
724,3160
724,5300
723,920
723,1045
723,4133
723,3650
723,7237
723,16904
722,243
722,318
722,2238
722,4035
722,5004
722,5119
721,198
721,1649
721,3002
721,7959
721,11195
720,29
720,24
720,57
720,37
720,164
720,473
719,5715
719,10345
718,117
718,201
718,1422
718,3377
717,65
717,286
717,375
717,182
717,934
717,829
717,2332
717,69
717,100
716,6649
716,12377
715,76
715,101
715,791
715,1398
715,4471
714,6874
714,7606
713,78
713,491
713,1375
713,1061
713,5640
712,335
712,1036
712,4168
712,6318
712,7993
711,943
711,2613
711,4167
711,6380
711,14587
710,436
710,2499
710,462
710,3256
710,5139
710,8002
709,3685
709,8783
708,146
708,212
708,1034
708,2324
708,6187
707,603
707,1623
707,6212
707,7604
707,14660
706,705
706,3675
706,6569
706,13357
706,9457
705,6286
705,20626
704,62
704,161
704,179
704,702
704,4758
703,349
703,1814
703,1284
703,4829
703,15242
702,198
702,1016
702,1990
702,3746
702,4602
702,10890
701,5815
701,7155
701,11349
700,283
700,205
700,567
700,2021
700,2369
699,5357
699,7324
698,104
698,76
698,212
698,784
698,3433
698,9551
697,4411
697,8628
696,26
696,206
696,535
696,1297
696,2231
696,4214
691,612
691,903
691,2040
691,1361
691,2842
691,6034
690,24
690,43
690,1371
690,97
690,531
690,349
690,819
690,1536
690,565
690,1390
690,1540
690,58
690,129
690,714
690,193
690,326
690,1854
689,911
689,1597
689,2858
689,3375
689,4124
688,11300
688,9238
687,185
687,486
687,2799
687,2876
687,6625
686,5666
686,11174
685,220
685,314
685,216
685,1986
685,3328
683,23
683,23
683,70
683,105
683,117
683,157
683,235
683,260
683,279
683,521
682,387
682,1979
682,3757
682,6543
682,8347
681,306
681,1293
681,3780
681,6027
681,9180
680,8939
680,8256
679,157
679,210
679,856
679,1627
679,5766
678,239
678,870
678,2235
678,4058
678,2573
678,6244
677,415
677,975
677,4004
677,5304
677,22741
676,728
676,1397
676,6423
676,3949
676,8805
675,1192
675,2663
675,2527
675,5220
675,9478
673,2819
673,6054
672,8738
672,8985
671,57
671,391
671,390
671,2104
671,3182
670,661
670,2170
670,4512
670,5297
670,5132
670,6919
670,9210
669,5800
667,3928
667,4726
666,326
666,97
666,436
666,1301
666,2567
665,212
665,892
665,1424
665,3897
665,2030
665,1672
664,6912
663,2319
662,67
662,1310
662,698
662,905
662,166
661,33
661,32
661,69
661,55
661,97
661,99
661,184
661,453
660,484
660,392
660,1728
660,3583
660,3165
660,3710
659,627
659,1166
659,3974
659,4249
659,7469
659,4722
659,9920
658,4116
656,393
656,392
656,541
656,446
656,456
656,1380
656,2484
653,181
653,380
653,700
653,1211
653,1268
653,3217
653,4917
652,147
652,630
652,1566
652,1541
652,4444
652,2759
651,7012
651,11333
650,269
650,662
650,1255
650,2465
650,7135
645,69
645,357
645,853
645,1645
645,2009
645,2355
645,2326
644,795
644,2063
644,3559
643,69
643,140
643,260
643,118
643,684
643,2349
643,3165
642,0
641,51
641,85
641,1505
641,661
641,2236
641,3238
641,4486
639,81
639,187
639,574
639,988
639,4360
639,4599
638,546
638,774
638,1293
638,2671
637,1568
637,2133
637,4690
637,3752
635,2128
634,2235
633,225
633,357
633,390
633,432
633,1515
633,1482
633,4208
633,5971
632,352
632,866
632,1335
632,2580
632,2271
632,2790
631,727
631,1223
631,2637
631,4780
631,6084
630,4441
630,705
630,488
630,446
630,2846
630,696
630,2117
630,2282
630,5051
630,1209
630,2212
630,1334
630,3275
630,1301
630,4958
630,7424
630,4021
630,12348
629,534
629,2231
629,1861
629,5710
629,7193
628,273
628,378
628,1258
628,3042
628,4283
628,3713
627,46
627,108
627,398
627,766
627,1683
627,2114
626,152
626,1003
626,785
626,1902
626,3113
626,4367
626,4604
625,116
625,455
625,4825
625,6098
625,3984
624,5644
624,6668
623,180
623,271
623,321
623,1143
623,3107
622,536
622,907
622,1495
622,3034
622,5063
622,5415
621,1467
621,787
621,3132
621,6401
621,11047
620,304
620,1581
620,831
620,3371
620,5542
620,7201
618,71
618,367
618,367
618,1156
618,3027
618,5279
618,6182
617,2285
617,3098
617,3516
617,7951
617,26372
616,245
616,904
616,2980
616,2684
616,5419
616,4949
615,755
615,2138
615,1657
615,3361
615,9932
614,4358
614,5313
613,105
613,550
613,651
613,1461
613,2440
612,114
612,647
612,1860
612,3665
612,3986
612,4260
611,144
611,139
611,314
611,654
611,1806
611,5565
611,5680
611,8702
610,325
610,768
610,2263
610,4424
610,8821
609,387
609,1860
609,1225
609,3341
609,5080
609,8398
608,3856
608,6258
607,84
607,339
607,595
607,3443
607,4828
606,2392
606,6052
605,336
605,482
605,756
605,2367
605,4732
604,5219
604,6324
603,197
603,222
603,1266
603,1814
603,4573
602,5267
602,6245
601,299
601,632
601,841
601,1445
601,5617
600,173
600,2305
600,971
600,2414
600,7069
600,2669
599,301
599,2007
599,3398
599,3538
599,14243
598,153
598,1905
598,3828
598,1652
598,5218
598,9887
597,1299
597,2011
597,2534
596,262
596,521
596,1920
596,6638
596,5351
595,2457
595,8599
594,42
594,585
594,532
594,369
594,1058
593,262
593,721
593,188
593,3182
593,4598
592,142
592,1498
592,2428
592,6349
592,5116
591,5716
591,8545
590,205
590,749
590,1465
590,1360
590,3071
588,7045
588,13233
587,157
587,267
587,162
587,1678
587,1050
587,5295
586,4542
586,6975
585,116
585,302
585,842
585,702
585,2533
585,3308
584,967
584,4411
584,3864
584,6098
584,15240
583,6743
583,9086
582,123
582,114
582,518
582,2304
582,4426
581,406
581,115
581,2368
581,5351
581,8225
581,16862
580,946
580,4056
580,11093
580,8760
580,26728
579,4218
579,14896
578,89
578,189
578,347
578,2233
578,3426
578,3653
577,4519
577,14720
576,160
576,363
576,1630
576,1198
576,6611
575,81
575,1185
575,517
575,769
575,60
575,1549
575,138
575,656
575,204
574,4547
574,6393
573,101
573,167
573,738
573,3699
573,8893
572,4095
572,9579
571,46
571,149
571,410
571,1644
571,1440
570,1110
570,2206
570,5987
570,8861
570,10034
569,5081
569,3689
568,100
568,210
568,360
568,1670
568,3554
567,343
567,892
567,2890
567,5120
567,6226
567,11945
566,225
566,1932
566,81
566,1330
566,103
566,192
566,530
560,5711
560,10241
559,224
559,231
559,2543
559,5515
559,6498
558,1730
558,885
558,2740
558,5344
558,6773
557,744
557,1511
557,2875
557,5313
557,6597
556,6119
556,14590
555,651
555,658
555,1456
555,2511
555,5201
554,6192
554,7933
553,172
553,709
553,1200
553,1649
553,4809
552,1081
552,2881
552,3597
552,9321
552,7257
551,981
551,1205
551,2115
551,2846
551,10113
550,1082
550,2077
550,10014
550,6778
550,12443
549,1543
549,1702
549,457
549,51
549,1917
549,1386
549,1172
549,6628
548,4827
548,7061
547,467
547,709
547,1419
547,3683
547,1879
546,1786
546,5087
546,7801
546,9515
546,32093
545,2182
545,10120
545,9372
545,7421
545,8012
544,4479
544,5176
543,101
543,1101
543,826
543,2317
543,4168
542,590
542,375
542,324
542,834
542,53
542,377
540,1111
540,2623
540,4078
540,3519
540,14556
538,102
538,104
538,1059
538,1139
538,2028
538,4375
538,8667
538,5280
536,181
536,187
535,561
535,2132
535,2747
535,8960
535,8091
534,279
534,266
534,1586
534,3155
534,5152
534,7832
533,562
533,1353
533,80
533,1459
533,1241
533,145
530,33
530,108
530,78
530,82
530,243
530,400
530,398
530,504
530,617
529,639
528,106
528,961
527,677
527,2826
527,4135
527,3069
527,9696
526,100
526,386
526,682
526,1124
526,1795
526,3583
526,4061
525,1293
525,996
525,4171
525,5371
525,6948
524,294
524,744
524,813
524,1638
524,1233
524,1272
523,1337
523,1868
523,868
523,2129
522,1274
522,622
522,4519
522,6226
521,173
521,373
520,1146
520,1230
520,3174
520,14202
520,20167
519,2385
519,3614
519,10283
519,14726
519,12324
518,260
518,723
518,3456
518,4431
518,4769
518,5678
516,91
516,330
515,1049
515,2039
515,10080
515,5011
515,10866
514,783
514,1763
514,3135
514,8557
514,11546
513,90
513,410
513,1490
513,174
513,174
513,273
513,288
513,278
513,353
513,1216
513,2165
513,3162
513,12463
512,166
512,229
510,1219
510,2724
510,5975
510,6289
510,19096
509,506
509,1378
509,554
509,1392
509,5392
509,15093
508,1028
508,1260
508,3219
508,9134
508,5870
507,1524
507,1019
507,2931
507,9724
507,9504
506,165
506,894
505,241
505,1361
505,2988
505,4950
505,5027
504,152
504,204
501,512
501,1415
501,3643
501,6946
501,9693
500,56
500,318
500,911
500,2234
500,4491
500,5361
500,18796
499,12912
499,7749
498,242
498,637
498,1602
498,771
498,4353
497,137
497,150
496,1128
496,2114
496,4705
496,3686
496,8745
495,3596
495,5823
494,84
494,341
494,370
494,1663
494,4093
493,326
493,4772
493,3783
493,5747
493,4792
492,1197
492,2374
492,6152
492,18895
492,15574
491,189
491,287
491,1014
490,764
490,1126
490,1592
490,4555
490,3892
490,15089
489,1165
489,594
489,3989
489,15836
489,14787
489,5727
488,1663
488,7632
487,402
487,453
487,1235
487,1858
487,2602
486,1026
486,1978
486,5414
486,6503
486,24487
485,4938
485,4904
484,835
484,1228
484,367
484,3431
484,5345
483,2625
483,8259
482,78
482,232
482,501
482,3063
482,6351
480,251
480,328
479,2916
479,3374
479,10731
479,4377
479,26251
478,115
478,2759
478,7264
478,12600
478,14134
477,50
477,280
476,1253
476,2530
476,3982
476,10150
476,14589
475,109
475,196
475,1585
475,673
475,4798
475,3959
474,2369
474,1425
474,8822
474,2095
474,14020
474,14420
472,187
472,173
472,91
472,2562
472,5283
472,6171
472,19806
471,43
471,2734
471,2920
471,4748
471,9612
470,115
470,78
470,85
470,168
470,128
470,137
470,231
470,467
469,5749
469,22290
468,77
468,142
468,620
468,2307
468,5130
467,448
467,1124
467,6039
467,13535
467,29042
466,1038
466,1457
466,12679
466,2754
466,16823
465,6830
465,7123
464,298
464,331
464,1228
464,1363
464,3874
463,916
463,3090
463,4427
463,9870
463,6690
462,6047
462,8955
461,163
461,217
461,1004
461,2469
461,9660
460,236
460,718
460,3219
460,5955
460,18530
459,2694
459,3735
459,3579
459,12816
459,12271
457,42
457,30
457,109
457,596
457,737
457,994
456,8209
456,13280
455,302
455,1135
455,2723
455,2913
455,18118
454,7841
454,9070
453,165
453,203
453,962
453,2280
453,4927
452,385
452,443
452,1138
452,1020
452,1656
452,5430
451,1197
451,2607
451,2424
451,11840
451,21642
450,8470
450,9559
449,140
449,1250
449,1330
449,2816
449,3160
448,917
448,4946
448,3588
448,6798
448,13777
447,8710
447,5702
446,58
446,157
446,1262
446,2258
446,6298
445,5127
445,9036
444,331
444,373
444,1215
444,724
444,2393
443,2890
443,20760
442,99
442,418
442,918
442,3003
442,1582
441,278
441,731
441,5525
441,4280
441,9724
440,177
440,459
440,1341
440,2824
439,816
439,2664
439,2539
439,8183
439,12369
438,572
438,1896
437,373
437,2035
437,6349
437,3832
437,5464
436,141
436,336
436,168
436,1777
436,2543
436,2509
435,161
435,571
435,2159
435,3627
435,6607
434,116
434,194
433,294
433,776
433,1766
433,8230
433,5918
432,442
432,2521
432,1729
432,6016
432,15907
431,278
431,1285
431,9065
431,4993
431,12478
430,2175
430,1690
429,336
429,1361
429,603
429,4030
429,4671
427,1083
427,1054
427,4637
427,7630
427,15731
426,2847
426,5304
425,319
425,801
425,679
425,894
425,2775
424,68
424,407
424,2510
424,3852
424,4630
421,301
421,2479
420,108
420,365
420,698
420,842
420,3328
418,89
418,216
417,549
417,1281
417,3030
417,1315
417,1571
416,633
416,555
416,3336
416,4361
416,4605
415,3223
415,5351
414,82
414,457
414,1377
414,7811
414,5223
413,260
413,380
413,1265
413,1163
413,1565
412,612
412,1085
412,2133
412,2565
412,2302
411,855
411,1061
411,3428
409,58
409,4155
409,259
409,1235
409,413
409,934
409,1493
409,1049
409,1866
408,4005
408,5488
407,212
407,321
407,535
407,3655
407,3113
406,148
406,780
405,814
405,2244
405,3360
405,4101
405,22864
404,340
404,1265
404,2711
404,2464
404,8503
403,93
403,676
402,1241
402,1535
402,3060
402,2460
402,3513
401,139
401,1892
401,7863
401,3564
401,9189
400,624
400,1538
400,2333
400,3437
400,5236
399,1172
399,2198
398,40
398,364
398,165
398,612
398,746
397,582
397,1295
396,65
396,246
396,933
396,650
396,898
394,74
394,214
394,404
394,436
394,1587
393,836
393,2648
392,97
392,138
392,289
392,536
392,661
391,45
391,38
391,84
391,99
391,78
391,135
391,171
391,115
391,101
391,154
391,269
391,734
390,181
390,376
390,522
390,861
390,1684
389,4589
389,6966
388,62
388,214
388,1695
388,1601
388,6211
387,568
387,428
387,1754
387,5998
387,6081
386,220
386,321
386,950
386,1671
385,367
385,502
385,4364
385,4790
385,8526
384,2363
384,9349
383,554
383,1535
383,2694
383,463
383,3734
382,178
382,528
382,4073
382,1031
382,4941
381,4202
381,10995
380,166
380,301
380,4572
380,430
380,2004
379,72
379,966
379,259
379,1137
379,4735
379,5375
379,18261
378,2860
378,9909
377,158
377,526
377,758
377,1416
377,7891
376,2916
376,4854
375,202
375,1891
375,280
375,2874
375,2667
374,130
374,579
374,1564
374,2029
374,1856
373,1802
373,5538
372,96
372,416
372,1104
372,1599
372,5069
371,740
371,2475
371,5463
371,4173
371,3579
370,145
370,440
370,1136
370,1959
370,3575
369,929
369,686
369,4311
369,3601
369,6680
368,12550
368,4965
367,430
367,415
367,1221
367,1784
367,3255
366,504
366,817
366,2237
366,3742
366,3376
365,5782
365,5348
364,145
364,516
364,449
364,812
364,2881
363,131
363,1836
363,5660
363,11740
363,4830
362,425
362,570
362,965
362,5906
362,2190
361,3668
361,6317
360,223
360,237
360,557
360,1451
360,1673
359,284
359,2237
359,1610
359,3319
359,4647
358,285
358,2027
358,1285
358,2902
358,4444
357,3762
357,4340
356,152
356,363
356,896
356,1394
356,4719
355,3187
355,5079
354,610
354,154
354,1664
354,318
354,3370
353,414
353,1506
353,2717
353,1672
353,7246
352,5135
352,8564
351,845
351,439
351,345
351,1496
351,2104
350,545
350,147
350,3674
350,2206
350,6686
349,5759
349,11598
348,188
348,483
348,880
348,1279
348,5663
347,5406
347,4675
346,117
346,329
346,982
346,1747
346,4594
345,33
345,32
345,31
345,63
345,106
345,108
345,347
344,4828
344,23636
343,223
343,1926
343,1744
343,4793
343,4713
342,2610
342,343
342,1361
342,2525
342,5018
341,198
341,576
340,1377
340,3546
340,2527
340,1224
340,5089
339,382
339,7589
339,4326
339,19411
339,41006
338,433
338,395
337,725
337,2486
337,3094
337,3824
337,26098
336,72
336,617
336,1673
336,1004
336,5268
335,109
335,105
335,204
335,375
335,1010
335,1150
334,2620
334,8889
333,430
333,1129
333,248
333,1922
333,3158
332,196
332,251
332,620
332,3912
332,2904
331,54
331,43
331,90
331,77
331,131
331,263
331,212
331,1648
331,514
331,616
331,983
331,1001
330,6912
330,10633
329,91
329,259
329,563
329,3192
329,3233
328,570
328,853
327,675
327,1462
327,2093
327,7096
327,14673
325,293
325,233
325,185
325,880
325,1463
323,244
323,229
323,350
322,5044
322,5406
321,1414
321,221
321,2348
321,1677
321,2647
320,3680
320,9926
319,214
319,285
319,1967
319,2158
319,1933
318,4404
318,23914
317,90
317,652
317,325
317,1308
317,3266
316,247
316,320
316,717
316,126
316,121
316,133
316,353
316,295
316,1170
316,292
316,259
316,283
316,402
316,403
316,1228
316,1144
316,1717
316,1983
315,3835
315,4079
314,190
314,380
314,1241
314,1058
314,1644
313,366
313,920
313,3281
313,13569
313,16550
312,4654
312,3405
311,289
311,414
311,272
311,885
311,2877
309,76
309,133
309,487
309,285
309,325
306,147
306,257
306,248
306,1358
305,414
305,356
305,1719
305,1563
305,2539
304,2021
304,4367
303,125
303,168
303,580
303,1068
303,3217
302,3263
302,4461
301,186
301,1004
301,323
301,1477
301,2127
300,565
300,484
300,3054
300,3114
300,7813
299,1993
299,2880
298,4440
298,3969
297,148
297,307
297,654
297,2463
297,2679
296,821
296,6422
295,369
295,391
295,1083
295,4393
295,5316
294,500
294,203
294,1785
294,2319
294,6959
293,486
293,165
293,430
293,416
293,1701
292,1856
292,1371
292,766
292,3254
292,1935
291,892
291,1352
291,1533
291,2605
291,4125
290,61
290,111
290,1460
290,981
290,1849
290,2252
289,5842
289,3593
288,156
288,475
288,1583
288,1995
288,4688
287,2617
287,6268
286,434
286,253
286,928
286,828
286,2290
285,359
285,1103
285,8394
285,6353
285,6488
284,4115
284,3635
283,319
283,346
283,878
283,2308
283,3866
282,1571
282,915
282,4406
282,4939
282,45757
281,1893
281,39011
280,93
280,354
280,1221
280,2053
280,1056
279,952
279,446
279,3910
279,11053
279,3414
278,2574
278,6882
277,573
277,172
277,372
277,593
277,7436
276,856
276,4662
276,6806
276,7570
276,9927
275,1681
275,7303
274,156
274,667
274,250
274,2473
274,4737
273,162
273,256
272,782
272,1761
272,3920
272,2824
272,6800
271,343
271,3591
271,2144
271,5209
271,27156
270,2997
270,14635
269,49
269,298
269,1125
269,3199
269,2488
268,725
268,283
268,6261
268,14445
268,20557
267,98
267,365
267,2326
266,400
266,387
266,1015
266,28462
266,37832
265,7126
265,8530
264,193
264,276
264,1571
264,4417
264,5753
263,249
263,1701
263,850
263,5374
263,38144
262,4205
262,8004
261,266
261,335
261,579
261,992
261,3133
260,297
260,843
260,1806
260,2386
260,4718
259,6134
259,5235
258,530
258,550
258,1039
258,1105
258,8722
257,190
257,1139
257,2326
257,3170
257,3810
256,400
256,196
255,615
255,1198
255,2498
255,3169
255,10133
254,313
254,275
254,982
254,1532
254,3107
253,379
253,555
253,1402
253,4324
253,4553
252,1197
252,3090
251,73
251,276
251,751
251,945
251,5785
250,333
250,618
250,1245
250,1321
250,2140
249,158
249,185
248,261
248,330
248,610
248,2909
248,5964
246,758
246,4394
246,1917
246,4532
246,5330
245,2174
245,354
245,616
245,2060
245,1506
245,1144
245,3437
245,4034
244,2368
244,4323
243,85
243,124
243,378
243,886
243,2217
242,2552
242,1106
242,2748
242,6009
242,4127
241,471
241,216
241,324
241,141
241,432
241,216
241,1767
240,512
240,192
239,1076
239,6282
238,205
238,146
238,665
238,866
238,1556
237,856
237,398
237,3013
237,1863
237,11239
236,4483
236,33644
235,385
235,194
235,653
235,1310
235,5994
234,466
234,928
234,1148
234,756
234,1243
234,2874
234,3277
234,2627
233,3467
233,9690
232,222
232,261
232,125
232,909
232,1606
231,624
231,2667
231,3423
231,2194
231,51523
230,16753
230,19244
229,317
229,979
229,1150
229,2233
229,2613
228,1214
228,283
228,348
228,2341
228,20120
227,5240
227,2707
226,245
226,664
226,524
226,1105
226,2290
225,508
225,610
225,3892
225,2035
225,3981
224,3353
224,7434
223,66
223,36
223,956
223,1009
223,1580
222,1139
222,1476
222,1106
222,3251
222,4415
221,3036
221,5827
220,629
220,209
220,698
220,3472
220,5799
219,468
219,3088
219,3372
219,2745
219,8357
218,5110
218,2910
217,186
217,160
217,215
217,649
217,8196
216,392
216,779
216,1101
216,2416
216,3406
215,337
215,1096
215,362
215,2494
215,4802
214,2608
214,10790
213,340
213,255
213,1129
213,1135
213,1276
212,574
212,261
212,263
212,243
212,73
209,368
209,207
209,461
208,1701
208,4783
208,1047
208,970
208,23938
207,32
207,35
207,33
207,34
207,34
207,34
207,40
207,49
207,34
207,57
207,31
207,35
207,45
207,105
207,109
207,155
207,152
207,158
207,185
205,2933
205,6336
204,433
204,258
204,777
204,2936
204,3061
203,202
203,1046
203,3183
203,1955
203,3127
202,677
202,4505
201,233
201,274
201,880
201,923
201,1977
200,222
200,678
200,765
200,19902
200,388
199,511
199,6960
198,290
198,41
198,274
198,1990
198,2042
197,2431
197,2984
196,372
196,271
196,582
196,1391
196,3411
195,486
195,684
195,705
195,2655
195,3130
194,2207
194,4091
193,191
193,238
193,315
193,668
193,1735
192,2912
192,4401
191,511
191,158
191,2491
191,794
191,1972
190,607
190,1184
190,1445
190,1804
190,3612
189,2024
189,17942
188,146
188,156
188,202
188,231
188,273
188,291
188,284
188,407
187,49
187,218
187,725
187,1068
187,1770
186,2087
186,5509
185,57
185,242
185,59
185,1121
185,3438
183,76
183,207
183,324
183,400
183,359
182,829
182,3748
182,455
182,3067
182,203
181,1113
181,1811
180,1323
180,833
180,511
180,2511
180,238
180,409
178,172
178,179
178,262
178,161
178,188
178,248
178,183
178,205
178,468
178,241
178,236
178,389
178,543
178,449
178,487
178,729
178,740
178,740
177,76
177,78
177,105
177,238
177,278
177,415
177,857
177,1202
177,1048
177,1037
177,1454
177,1655
177,2537
177,2618
176,358
176,210
176,348
176,819
176,941
175,41
175,178
175,216
175,821
175,1027
175,1852
174,617
174,939
174,1237
173,285
173,175
173,695
173,1170
173,1614
172,229
172,988
172,931
172,1875
172,3189
171,142
171,395
171,809
171,507
171,1545
171,507
171,2097
171,2337
169,1856
169,2519
168,1005
168,5470
167,236
167,119
167,386
167,1273
167,1673
166,7442
166,225
166,3045
166,1002
166,6456
165,1637
165,782
165,5164
165,5188
165,7505
164,34
164,157
164,498
164,347
164,649
163,478
163,249
163,435
163,733
163,1535
162,54
162,40
162,54
162,31
162,107
162,146
162,184
162,109
162,260
162,528
161,326
161,3947
161,398
161,1474
161,3052
160,314
160,912
160,2113
160,6164
160,31293
159,785
159,2942
159,2055
159,2731
159,2041
158,1240
158,5056
158,5411
158,33544
158,55602
157,5933
157,4560
156,112
156,438
156,1273
156,1508
156,2244
155,4611
155,17010
154,58
154,300
154,1131
154,2052
154,2444
153,50
153,54
153,68
153,123
153,245
152,246
152,196
152,4683
152,2620
152,7148
151,3233
151,12205
150,232
150,275
150,467
150,2108
150,3706
149,1008
149,1048
149,2938
149,1641
149,13829
148,1744
148,2870
148,1934
148,2468
148,24390
147,424
147,1748
146,2521
146,7205
145,990
145,170
145,1170
145,1387
145,4559
144,347
144,1836
144,2527
144,2582
144,21840
143,2890
143,4744
142,36
142,214
142,565
142,1462
142,1835
141,383
141,405
141,1463
141,2793
141,19673
140,279
140,335
140,1765
140,2454
140,1203
140,3168
139,1013
139,7149
138,92
138,281
138,598
138,704
138,1639
137,772
137,1003
137,3643
137,5496
137,4254
136,2972
136,26003
135,142
135,235
135,955
135,1678
135,4280
134,320
134,861
134,1799
133,4375
133,31087
132,285
132,452
132,1438
132,391
132,2205
131,422
131,1298
131,2806
131,4768
131,4378
131,30291
130,79
130,91
130,153
130,166
130,152
130,184
130,251
130,346
130,335
130,577
129,4144
129,8176
128,61
128,714
128,1373
128,1327
128,2081
127,3949
127,5118
126,42
126,526
126,507
126,5641
126,1025
125,385
125,242
125,584
125,1142
125,1565
124,1959
124,12057
123,281
123,525
123,388
123,749
123,1774
122,4956
122,32366
121,616
121,183
121,883
121,1706
121,3802
120,592
120,256
120,752
120,580
120,1853
120,1743
120,1456
120,2221
120,2072
120,2622
119,59
119,242
119,574
119,836
119,15535
118,976
118,5968
118,1452
118,10713
118,53933
117,132
117,273
117,1488
117,1165
117,1630
116,5844
116,33519
115,451
115,196
115,483
115,1733
115,11825
114,1760
114,6746
113,68
113,290
113,715
113,1395
113,1491
112,2590
112,42420
111,35
111,350
111,824
111,2082
111,2988
110,4314
110,28408
109,53
109,433
109,1493
109,883
109,6486
108,1515
108,4476
107,85
107,250
107,246
107,1682
107,2408
106,471
106,882
106,2283
106,2871
106,3888
105,141
105,97
105,210
105,635
105,1323
104,5473
103,272
103,926
103,679
103,4049
103,3259
102,5764
102,1833
101,259
101,318
101,446
101,1163
101,2206
100,36
100,164
100,51
100,71
100,99
100,120
100,193
100,291
100,192
100,350
99,1563
99,3113
98,126
98,134
98,214
98,56
98,830
97,131
97,115
97,211
97,392
97,178
96,4911
96,42038
95,569
95,224
95,1444
95,697
95,1182
94,1954
94,5345
93,260
93,243
93,211
93,628
93,1450
92,2624
92,7857
91,382
91,197
91,582
91,2645
91,1963
90,2631
90,2355
89,42
89,182
89,434
89,400
89,1080
88,1137
88,2133
87,126
87,452
87,892
87,827
87,2173
86,137
86,4270
86,357
86,251
86,746
85,405
85,1006
85,436
85,798
85,1337
84,824
84,6880
83,234
83,447
83,302
83,1113
83,2952
82,177
82,920
82,668
82,1429
82,17122
81,171
81,515
81,1160
81,1492
81,4279
80,2485
80,9183
79,49
79,375
79,1072
79,2009
79,2408
78,263
78,185
78,995
78,3343
78,4273
77,198
77,209
77,626
77,1496
77,1271
76,362
76,1034
76,895
76,105
76,281
76,539
75,200
75,871
75,3318
75,1468
75,8388
74,71
74,273
74,592
74,1024
74,2899
73,46
73,201
73,375
73,912
73,355
73,931
72,234
72,175
72,356
72,75
72,108
72,45
72,265
72,40
72,107
71,290
71,311
71,2477
71,2440
71,68807
70,235
70,392
70,406
70,1257
70,2288
69,1638
69,541
69,440
69,1737
69,31945
68,35
68,246
68,251
68,1602
68,2693
67,197
67,794
67,280
67,536
67,1229
66,441
66,1520
66,691
66,5115
66,3656
65,43
65,307
65,582
65,966
65,1189
64,56
64,73
64,86
64,132
64,167
64,210
64,239
64,350
64,489
63,363
63,533
63,925
63,2263
63,5459
62,116
62,230
62,182
62,898
62,2132
61,2818
61,2285
61,489
61,2151
61,22538
60,208
60,209
60,400
60,2429
60,2082
59,722
59,370
59,1097
59,2874
59,24556
58,142
58,438
58,1054
58,4690
58,32888
57,107
57,220
57,983
57,762
57,1642
56,886
56,647
56,720
56,1669
56,3604
55,326
55,1293
55,865
55,1178
55,1817
54,115
54,286
54,605
54,501
54,1315
53,406
53,960
53,2749
53,690
53,2320
52,2392
52,876
52,2464
51,228
51,198
51,297
51,774
51,655
51,1218
50,238
50,407
50,485
50,2941
50,49047
49,361
49,904
49,840
49,1429
49,4518
48,65
48,85
48,63
48,301
48,1192
48,500
48,1237
48,2099
47,230
47,398
47,389
47,2870
47,4992
46,59
46,222
46,549
46,713
46,1279
46,1689
46,3902
45,514
45,916
45,91
45,393
45,57
45,364
45,732
45,500
45,144
45,1968
44,387
44,128
44,750
44,104
44,37
44,1359
44,474
44,1139
44,1021
44,2140
43,261
43,726
43,2467
43,4106
43,10491
42,125
42,269
42,317
42,609
42,1484
41,1006
41,825
41,1999
41,1641
41,27932
40,325
40,77
40,175
40,710
40,1665
39,44
39,1132
39,72
39,1202
39,76
39,838
39,538
39,1551
39,286
39,1298
39,444
38,116
38,346
38,249
38,967
38,351
38,1292
38,1900
38,8751
37,311
37,250
37,726
37,631
37,11071
36,224
36,326
36,202
36,849
36,1586
35,454
35,1279
35,2254
35,714
35,2784
34,422
34,2142
34,2248
34,10311
34,6723
33,77
33,544
33,1289
33,1222
33,1994
32,224
32,711
32,946
32,7302
32,3436
31,563
31,545
31,980
31,1877
31,3927
30,322
30,278
30,943
30,719
30,1691
29,367
29,953
29,1742
29,1319
29,2958
28,41
28,343
28,468
28,1751
28,537
27,1509
27,1133
27,1453
27,2071
27,6016
26,257
26,327
26,467
26,4342
26,6958
25,929
25,2844
25,2277
25,3900
25,21221
24,500
24,457
24,769
24,997
24,2176
23,343
23,228
23,534
23,1295
23,2254
22,498
22,1077
22,1337
22,1951
22,5356
21,358
21,1044
21,814
21,898
20,7530
20,1484
20,2497
19,581
19,736
19,522
19,1443
19,1384
18,511
18,668
18,4460
18,1154
18,2644
17,537
17,459
17,457
17,1628
17,4353
16,1298
16,880
16,2094
16,3976
16,5278
15,312
15,306
15,1152
15,747
15,1759
14,653
14,1929
14,1626
14,2472
14,4297
13,1403
13,346
13,1389
13,498
13,3452
12,496
12,890
12,2532
12,3632
12,4244
11,111
11,1496
11,361
11,1869
11,4325
10,330
10,1220
10,809
10,990
10,2416
9,403
9,1388
9,5273
9,2141
9,11046
8,353
8,342
8,1338
8,1872
8,2724
7,366
7,1650
7,1749
7,1392
7,3567
6,1546
6,955
6,4742
6,3802
6,7470
5,805
5,833
5,3903
5,2863
5,4686
4,4120
4,17484
4,7654
4,96677
3,1479
3,3489
3,2070
3,8662
2,843
2,4099
2,8607
1,2968
1,10562
1,83354
